Tên hồ,Thời điểm,Htl (m),Hdbt (m),Hc (m),Qve (m3/s),ΣQx (m3/s),Qxt (m3/s),Qxm (m3/s),Ncxs,Ncxm,Thời điểm yêu cầu
Sông Ba Hạ,04/11 00:00,102.48,105,101,380,340,100,240,0,1,04/11/2025 00:00
Sông Ba Hạ,04/11 01:00,102.48,105,101,370,340,100,240,0,1,04/11/2025 01:00
Sông Ba Hạ,04/11 02:00,102.48,105,101,350,340,100,240,0,1,04/11/2025 02:00
Sông Ba Hạ,04/11 03:00,102.48,105,101,360,340,100,240,0,1,04/11/2025 03:00
Sông Ba Hạ,04/11 04:00,102.48,105,101,340,340,100,240,0,1,04/11/2025 04:00
Sông Ba Hạ,04/11 05:00,102.48,105,101,330,340,100,240,0,1,04/11/2025 05:00
Sông Ba Hạ,04/11 06:00,102.47,105,101,520,700,300,400,0,4,04/11/2025 06:00
Sông Ba Hạ,04/11 07:00,102.45,105,101,530,700,300,400,0,4,04/11/2025 07:00
Sông Ba Hạ,04/11 08:00,102.43,105,101,510,700,300,400,0,4,04/11/2025 08:00
Sông Ba Hạ,04/11 09:00,102.41,105,101,520,700,300,400,0,4,04/11/2025 09:00
Sông Ba Hạ,04/11 10:00,102.39,105,101,530,700,300,400,0,4,04/11/2025 10:00
Sông Ba Hạ,04/11 11:00,102.37,105,101,510,700,300,400,0,4,04/11/2025 11:00
Sông Ba Hạ,04/11 12:00,102.34,105,101,470,700,300,400,0,4,04/11/2025 12:00
Sông Ba Hạ,04/11 13:00,102.31,105,101,460,700,300,400,0,4,04/11/2025 13:00
Sông Ba Hạ,04/11 14:00,102.28,105,101,450,700,300,400,0,4,04/11/2025 14:00
Sông Ba Hạ,04/11 15:00,102.25,105,101,460,700,300,400,0,4,04/11/2025 15:00
Sông Ba Hạ,04/11 16:00,102.22,105,101,450,700,300,400,0,4,04/11/2025 16:00
Sông Ba Hạ,04/11 17:00,102.19,105,101,470,600,200,400,0,3,04/11/2025 17:00
Sông Ba Hạ,04/11 18:00,102.18,105,101,490,600,200,400,0,3,04/11/2025 18:00
Sông Ba Hạ,04/11 19:00,102.17,105,101,500,600,200,400,0,3,04/11/2025 19:00
Sông Ba Hạ,04/11 20:00,102.16,105,101,510,600,200,400,0,3,04/11/2025 20:00
Sông Ba Hạ,04/11 21:00,102.15,105,101,500,600,200,400,0,3,04/11/2025 21:00
Sông Ba Hạ,04/11 22:00,102.14,105,101,510,600,200,400,0,3,04/11/2025 22:00
Sông Ba Hạ,04/11 23:00,102.13,105,101,520,600,200,400,0,3,04/11/2025 23:00
Sông Ba Hạ,05/11 00:00,102.12,105,101,510,600,200,400,0,3,05/11/2025 00:00
Sông Ba Hạ,05/11 01:00,102.12,105,101,460,400,200,200,0,3,05/11/2025 01:00
Sông Ba Hạ,05/11 02:00,102.12,105,101,440,400,200,200,0,3,05/11/2025 02:00
Sông Ba Hạ,05/11 03:00,102.12,105,101,430,400,200,200,0,3,05/11/2025 03:00
Sông Ba Hạ,05/11 04:00,102.12,105,101,430,400,200,200,0,3,05/11/2025 04:00
Sông Ba Hạ,05/11 05:00,102.12,105,101,420,400,200,200,0,3,05/11/2025 05:00
Sông Ba Hạ,05/11 06:00,102.1,105,101,430,600,200,400,0,3,05/11/2025 06:00
Sông Ba Hạ,05/11 07:00,102.08,105,101,420,600,200,400,0,3,05/11/2025 07:00
Sông Ba Hạ,05/11 08:00,102.06,105,101,440,600,200,400,0,3,05/11/2025 08:00
Sông Ba Hạ,05/11 09:00,102.04,105,101,450,600,200,400,0,3,05/11/2025 09:00
Sông Ba Hạ,05/11 10:00,102.03,105,101,410,440,200,240,0,3,05/11/2025 10:00
Sông Ba Hạ,05/11 11:00,102.02,105,101,380,440,200,240,0,3,05/11/2025 11:00
Sông Ba Hạ,05/11 12:00,102.01,105,101,390,440,200,240,0,3,05/11/2025 12:00
Sông Ba Hạ,05/11 13:00,102.01,105,101,400,440,200,240,0,3,05/11/2025 13:00
Sông Ba Hạ,05/11 14:00,102,105,101,510,600,200,400,0,3,05/11/2025 14:00
Sông Ba Hạ,05/11 15:00,102,105,101,560,600,200,400,0,3,05/11/2025 15:00
Sông Ba Hạ,05/11 16:00,102,105,101,570,600,200,400,0,3,05/11/2025 16:00
Sông Ba Hạ,05/11 17:00,102,105,101,590,600,200,400,0,3,05/11/2025 17:00
Sông Ba Hạ,05/11 18:00,102,105,101,600,600,200,400,0,3,05/11/2025 18:00
Sông Ba Hạ,05/11 19:00,102,105,101,610,600,200,400,0,3,05/11/2025 19:00
Sông Ba Hạ,05/11 20:00,102,105,101,610,600,200,400,0,3,05/11/2025 20:00
Sông Ba Hạ,05/11 21:00,102,105,101,620,600,200,400,0,3,05/11/2025 21:00
Sông Ba Hạ,05/11 22:00,102,105,101,620,600,200,400,0,3,05/11/2025 22:00
Sông Ba Hạ,05/11 23:00,102,105,101,610,600,200,400,0,3,05/11/2025 23:00
Sông Ba Hạ,06/11 00:00,102,105,101,530,440,200,240,0,3,06/11/2025 00:00
Sông Ba Hạ,06/11 01:00,102,105,101,490,440,200,240,0,3,06/11/2025 01:00
Sông Ba Hạ,06/11 02:00,102,105,101,470,440,200,240,0,3,06/11/2025 02:00
Sông Ba Hạ,06/11 03:00,102,105,101,460,440,200,240,0,3,06/11/2025 03:00
Sông Ba Hạ,06/11 04:00,102,105,101,480,440,200,240,0,3,06/11/2025 04:00
Sông Ba Hạ,06/11 05:00,102,105,101,490,440,200,240,0,3,06/11/2025 05:00
Sông Ba Hạ,06/11 06:00,102,105,101,550,600,200,400,0,3,06/11/2025 06:00
Sông Ba Hạ,06/11 07:00,102,105,101,530,500,100,400,0,2,06/11/2025 07:00
Sông Ba Hạ,06/11 08:00,102,105,101,480,500,100,400,0,2,06/11/2025 08:00
Sông Ba Hạ,06/11 09:00,102,105,101,470,500,100,400,0,2,06/11/2025 09:00
Sông Ba Hạ,06/11 10:00,102,105,101,490,500,100,400,0,2,06/11/2025 10:00
Sông Ba Hạ,06/11 11:00,102,105,101,480,481,100,381,0,2,06/11/2025 11:00
Sông Ba Hạ,06/11 12:00,102,105,101,470,340,100,240,0,2,06/11/2025 12:00
Sông Ba Hạ,06/11 13:00,102,105,101,420,340,100,240,0,2,06/11/2025 13:00
Sông Ba Hạ,06/11 14:00,102,105,101,460,500,100,400,0,2,06/11/2025 14:00
Sông Ba Hạ,06/11 15:00,102,105,101,480,500,100,400,0,2,06/11/2025 15:00
Sông Ba Hạ,06/11 16:00,102,105,101,710,700,300,400,0,4,06/11/2025 16:00
Sông Ba Hạ,06/11 17:00,102,105,101,930,900,500,400,0,7,06/11/2025 17:00
Sông Ba Hạ,06/11 18:00,102,105,101,1320,1300,900,400,0,12,06/11/2025 18:00
Sông Ba Hạ,06/11 19:00,102,105,101,1710,1700,1300,400,0,12,06/11/2025 19:00
Sông Ba Hạ,06/11 20:00,102,105,101,2250,2240,2000,240,0,12,06/11/2025 20:00
Sông Ba Hạ,06/11 21:00,102,105,101,2260,2240,2000,240,0,12,06/11/2025 21:00
Sông Ba Hạ,06/11 22:00,102,105,101,2270,2240,2000,240,0,12,06/11/2025 22:00
Sông Ba Hạ,06/11 23:00,102,105,101,2450,2440,2200,240,0,12,06/11/2025 23:00
Sông Ba Hạ,07/11 00:00,102,105,101,2820,2820,2700,120,0,12,07/11/2025 00:00
Sông Ba Hạ,07/11 01:00,102,105,101,3820,3820,3700,120,0,12,07/11/2025 01:00
Sông Ba Hạ,07/11 02:00,102,105,101,4820,4820,4700,120,0,12,07/11/2025 02:00
Sông Ba Hạ,07/11 03:00,102,105,101,5420,5420,5300,120,0,12,07/11/2025 03:00
Sông Ba Hạ,07/11 04:00,102,105,101,5410,5420,5300,120,0,12,07/11/2025 04:00
Sông Ba Hạ,07/11 05:00,102,105,101,5430,5420,5300,120,0,12,07/11/2025 05:00
Sông Ba Hạ,07/11 06:00,102.05,105,101,5820,5120,5000,120,0,12,07/11/2025 06:00
Sông Ba Hạ,07/11 07:00,102.4,105,101,6000,4240,4000,240,0,12,07/11/2025 07:00
Sông Ba Hạ,07/11 08:00,102.75,105,101,6600,3740,3500,240,0,12,07/11/2025 08:00
Sông Ba Hạ,07/11 09:00,103.05,105,101,7600,3860,3500,360,0,12,07/11/2025 09:00
Sông Ba Hạ,07/11 10:00,103.35,105,101,7630,3740,3500,240,0,12,07/11/2025 10:00
Sông Ba Hạ,07/11 11:00,103.65,105,101,7620,3740,3500,240,0,12,07/11/2025 11:00
Sông Ba Hạ,07/11 12:00,103.91,105,101,7400,3740,3500,240,0,12,07/11/2025 12:00
Sông Ba Hạ,07/11 13:00,104.13,105,101,7000,3740,3500,240,0,12,07/11/2025 13:00
Sông Ba Hạ,07/11 14:00,104.5,105,101,8500,3860,3500,360,0,12,07/11/2025 14:00
Sông Ba Hạ,07/11 15:00,104.76,105,101,8500,5860,5500,360,0,12,07/11/2025 15:00
Sông Ba Hạ,07/11 16:00,104.8,105,101,7200,5860,5500,360,0,12,07/11/2025 16:00
Sông Ba Hạ,07/11 17:00,104.84,105,101,7200,5860,5500,360,0,12,07/11/2025 17:00
Sông Ba Hạ,07/11 18:00,104.88,105,101,7200,5860,5500,360,0,12,07/11/2025 18:00
Sông Ba Hạ,07/11 19:00,104.94,105,101,7200,5860,5500,360,0,12,07/11/2025 19:00
Sông Ba Hạ,07/11 20:00,104.98,105,101,7160,5860,5500,360,0,12,07/11/2025 20:00
Sông Ba Hạ,07/11 21:00,104.98,105,101,6800,5860,5500,360,0,12,07/11/2025 21:00
Sông Ba Hạ,07/11 22:00,104.98,105,101,6850,6360,6000,360,0,12,07/11/2025 22:00
Sông Ba Hạ,07/11 23:00,104.99,105,101,6930,6805,6500,305,0,12,07/11/2025 23:00
Sông Ba Hạ,08/11 00:00,105,105,101,6920,6746,6500,246,0,12,08/11/2025 00:00
Sông Ba Hạ,08/11 01:00,105,105,101,6760,6746,6500,246,0,12,08/11/2025 01:00
Sông Ba Hạ,08/11 02:00,105,105,101,6750,6746,6500,246,0,12,08/11/2025 02:00
Sông Ba Hạ,08/11 03:00,105,105,101,6730,6746,6500,246,0,12,08/11/2025 03:00
Sông Ba Hạ,08/11 04:00,105,105,101,6740,6746,6500,246,0,12,08/11/2025 04:00
Sông Ba Hạ,08/11 05:00,105,105,101,5540,5546,5300,246,0,12,08/11/2025 05:00
Sông Ba Hạ,08/11 06:00,105,105,101,5160,5046,4800,246,0,12,08/11/2025 06:00
Sông Ba Hạ,08/11 07:00,105,105,101,4860,4860,4500,360,0,12,08/11/2025 07:00
Sông Ba Hạ,08/11 08:00,105,105,101,4800,4860,4500,360,0,12,08/11/2025 08:00
Sông Ba Hạ,08/11 09:00,105,105,101,4580,4569,4200,369,0,12,08/11/2025 09:00
Sông Ba Hạ,08/11 10:00,105,105,101,4120,4010,3700,310,0,12,08/11/2025 10:00
Sông Ba Hạ,08/11 11:00,105,105,101,3670,3455,3200,255,0,12,08/11/2025 11:00
Sông Ba Hạ,08/11 12:00,105,105,101,3610,3455,3200,255,0,12,08/11/2025 12:00
Sông Ba Hạ,08/11 13:00,105,105,101,3220,2955,2700,255,0,12,08/11/2025 13:00
Sông Ba Hạ,08/11 14:00,105,105,101,2560,2600,2200,400,0,12,08/11/2025 14:00
Sông Ba Hạ,08/11 15:00,105,105,101,2040,2100,1700,400,0,12,08/11/2025 15:00
Sông Ba Hạ,08/11 16:00,105,105,101,1990,2100,1700,400,0,12,08/11/2025 16:00
Sông Ba Hạ,08/11 17:00,105,105,101,2020,2100,1700,400,0,12,08/11/2025 17:00
Sông Ba Hạ,08/11 18:00,105,105,101,2080,2100,1700,400,0,12,08/11/2025 18:00
Sông Ba Hạ,08/11 19:00,105,105,101,2090,2100,1700,400,0,12,08/11/2025 19:00
Sông Ba Hạ,08/11 20:00,105,105,101,2100,2100,1700,400,0,12,08/11/2025 20:00
Sông Ba Hạ,08/11 21:00,105,105,101,2070,2100,1700,400,0,12,08/11/2025 21:00
Sông Ba Hạ,08/11 22:00,105,105,101,2090,2100,1700,400,0,12,08/11/2025 22:00
Sông Ba Hạ,08/11 23:00,105,105,101,2080,2100,1700,400,0,12,08/11/2025 23:00
Sông Ba Hạ,09/11 00:00,105,105,101,2100,2100,1700,400,0,12,09/11/2025 00:00
Sông Ba Hạ,09/11 01:00,105,105,101,2090,2100,1700,400,0,12,09/11/2025 01:00
Sông Ba Hạ,09/11 02:00,105,105,101,2100,2100,1700,400,0,12,09/11/2025 02:00
Sông Ba Hạ,09/11 03:00,105,105,101,2080,2100,1700,400,0,12,09/11/2025 03:00
Sông Ba Hạ,09/11 04:00,105,105,101,2090,2100,1700,400,0,12,09/11/2025 04:00
Sông Ba Hạ,09/11 05:00,105,105,101,2080,2100,1700,400,0,12,09/11/2025 05:00
Sông Ba Hạ,09/11 06:00,104.99,105,101,2070,2100,1700,400,0,12,09/11/2025 06:00
Sông Ba Hạ,09/11 07:00,104.99,105,101,2060,2100,1700,400,0,12,09/11/2025 07:00
Sông Ba Hạ,09/11 08:00,104.99,105,101,2050,2034,1700,334,0,12,09/11/2025 08:00
Sông Ba Hạ,09/11 09:00,104.99,105,101,1130,1140,900,240,0,11,09/11/2025 09:00
Sông Ba Hạ,09/11 10:00,104.99,105,101,800,820,700,120,0,8,09/11/2025 10:00
Sông Ba Hạ,09/11 11:00,104.99,105,101,790,820,700,120,0,8,09/11/2025 11:00
Sông Ba Hạ,09/11 12:00,104.98,105,101,770,820,700,120,0,8,09/11/2025 12:00
Sông Ba Hạ,09/11 13:00,104.98,105,101,780,820,700,120,0,8,09/11/2025 13:00
Sông Ba Hạ,09/11 14:00,104.98,105,101,860,940,700,240,0,8,09/11/2025 14:00
Sông Ba Hạ,09/11 15:00,104.97,105,101,870,940,700,240,0,8,09/11/2025 15:00
Sông Ba Hạ,09/11 16:00,104.96,105,101,920,1100,700,400,0,8,09/11/2025 16:00
Sông Ba Hạ,09/11 17:00,104.96,105,101,950,1100,700,400,0,8,09/11/2025 17:00
Sông Ba Hạ,09/11 18:00,104.95,105,101,960,1100,700,400,0,8,09/11/2025 18:00
Sông Ba Hạ,09/11 19:00,104.95,105,101,950,1100,700,400,0,8,09/11/2025 19:00
Sông Ba Hạ,09/11 20:00,104.95,105,101,970,1052,700,352,0,8,09/11/2025 20:00
Sông Ba Hạ,09/11 21:00,104.94,105,101,980,1068,700,368,0,8,09/11/2025 21:00
Sông Ba Hạ,09/11 22:00,104.94,105,101,960,1005,700,305,0,8,09/11/2025 22:00
Sông Ba Hạ,09/11 23:00,104.93,105,101,910,940,700,240,0,8,09/11/2025 23:00
Sông Ba Hạ,10/11 00:00,104.93,105,101,880,940,700,240,0,8,10/11/2025 00:00
Sông Ba Hạ,10/11 01:00,104.92,105,101,870,940,700,240,0,8,10/11/2025 01:00
Sông Ba Hạ,10/11 02:00,104.92,105,101,880,940,700,240,0,8,10/11/2025 02:00
Sông Ba Hạ,10/11 03:00,104.91,105,101,870,940,700,240,0,8,10/11/2025 03:00
Sông Ba Hạ,10/11 04:00,104.91,105,101,860,940,700,240,0,8,10/11/2025 04:00
Sông Ba Hạ,10/11 05:00,104.91,105,101,880,940,700,240,0,8,10/11/2025 05:00
Sông Ba Hạ,10/11 06:00,104.9,105,101,870,940,700,240,0,8,10/11/2025 06:00
Sông Ba Hạ,10/11 07:00,104.9,105,101,850,940,700,240,0,8,10/11/2025 07:00
Sông Ba Hạ,10/11 08:00,104.89,105,101,840,873,500,373,0,6,10/11/2025 08:00
Sông Ba Hạ,10/11 09:00,104.89,105,101,850,868,500,368,0,6,10/11/2025 09:00
Sông Ba Hạ,10/11 10:00,104.89,105,101,800,817,500,317,0,6,10/11/2025 10:00
Sông Ba Hạ,10/11 11:00,104.89,105,101,740,740,500,240,0,6,10/11/2025 11:00
Sông Ba Hạ,10/11 12:00,104.89,105,101,720,740,500,240,0,6,10/11/2025 12:00
Sông Ba Hạ,10/11 13:00,104.88,105,101,710,740,500,240,0,6,10/11/2025 13:00
Sông Ba Hạ,10/11 14:00,104.88,105,101,760,802,500,302,0,6,10/11/2025 14:00
Sông Ba Hạ,10/11 15:00,104.87,105,101,810,900,500,400,0,6,10/11/2025 15:00
Sông Ba Hạ,10/11 16:00,104.87,105,101,850,900,500,400,0,6,10/11/2025 16:00
Sông Ba Hạ,10/11 17:00,104.86,105,101,860,900,500,400,0,6,10/11/2025 17:00
Sông Ba Hạ,10/11 18:00,104.86,105,101,870,900,500,400,0,6,10/11/2025 18:00
Sông Ba Hạ,10/11 19:00,104.86,105,101,860,900,500,400,0,6,10/11/2025 19:00
Sông Ba Hạ,10/11 20:00,104.85,105,101,850,900,500,400,0,6,10/11/2025 20:00
Sông Ba Hạ,10/11 21:00,104.85,105,101,840,900,500,400,0,6,10/11/2025 21:00
Sông Ba Hạ,10/11 22:00,104.85,105,101,860,900,500,400,0,6,10/11/2025 22:00
Sông Ba Hạ,10/11 23:00,104.85,105,101,800,805,500,305,0,6,10/11/2025 23:00
Sông Ba Hạ,11/11 00:00,104.85,105,101,720,740,500,240,0,6,11/11/2025 00:00
Sông Ba Hạ,11/11 01:00,104.85,105,101,740,740,500,240,0,6,11/11/2025 01:00
Sông Ba Hạ,11/11 02:00,104.85,105,101,730,740,500,240,0,6,11/11/2025 02:00
Sông Ba Hạ,11/11 03:00,104.85,105,101,720,740,500,240,0,6,11/11/2025 03:00
Sông Ba Hạ,11/11 04:00,104.84,105,101,720,740,500,240,0,6,11/11/2025 04:00
Sông Ba Hạ,11/11 05:00,104.84,105,101,750,778,500,278,0,6,11/11/2025 05:00
Sông Ba Hạ,11/11 06:00,104.83,105,101,780,828,500,328,0,6,11/11/2025 06:00
Sông Ba Hạ,11/11 07:00,104.83,105,101,790,812,500,312,0,6,11/11/2025 07:00
Sông Ba Hạ,11/11 08:00,104.83,105,101,730,750,400,350,0,5,11/11/2025 08:00
Sông Ba Hạ,11/11 09:00,104.82,105,101,670,700,300,400,0,4,11/11/2025 09:00
Sông Ba Hạ,11/11 10:00,104.82,105,101,650,590,300,290,0,4,11/11/2025 10:00
Sông Ba Hạ,11/11 11:00,104.82,105,101,640,445,300,145,0,4,11/11/2025 11:00
Sông Ba Hạ,11/11 12:00,104.83,105,101,630,463,300,163,0,4,11/11/2025 12:00
Sông Ba Hạ,11/11 13:00,104.83,105,101,620,550,300,250,0,4,11/11/2025 13:00
Sông Ba Hạ,11/11 14:00,104.83,105,101,610,626,300,326,0,4,11/11/2025 14:00
Sông Ba Hạ,11/11 15:00,104.82,105,101,640,700,300,400,0,4,11/11/2025 15:00
Sông Ba Hạ,11/11 16:00,104.82,105,101,650,700,300,400,0,4,11/11/2025 16:00
Sông Ba Hạ,11/11 17:00,104.82,105,101,670,700,300,400,0,4,11/11/2025 17:00
Sông Ba Hạ,11/11 18:00,104.81,105,101,660,700,300,400,0,4,11/11/2025 18:00
Sông Ba Hạ,11/11 19:00,104.81,105,101,670,700,300,400,0,4,11/11/2025 19:00
Sông Ba Hạ,11/11 20:00,104.81,105,101,680,700,300,400,0,4,11/11/2025 20:00
Sông Ba Hạ,11/11 21:00,104.8,105,101,670,700,300,400,0,4,11/11/2025 21:00
Sông Ba Hạ,11/11 21:00,104.8,105,101,670,700,300,400,0,4,11/11/2025 22:00
Sông Ba Hạ,11/11 21:00,104.8,105,101,670,700,300,400,0,4,11/11/2025 23:00
Sông Ba Hạ,12/11 00:00,104.79,105,101,670,700,300,400,0,4,12/11/2025 00:00
Sông Ba Hạ,12/11 01:00,104.79,105,101,680,700,300,400,0,4,12/11/2025 01:00
Sông Ba Hạ,12/11 02:00,104.79,105,101,670,700,300,400,0,4,12/11/2025 02:00
Sông Ba Hạ,12/11 03:00,104.79,105,101,660,678,300,378,0,4,12/11/2025 03:00
Sông Ba Hạ,12/11 04:00,104.78,105,101,650,685,300,385,0,4,12/11/2025 04:00
Sông Ba Hạ,12/11 05:00,104.78,105,101,670,700,300,400,0,4,12/11/2025 05:00
Sông Ba Hạ,12/11 06:00,104.78,105,101,680,700,300,400,0,4,12/11/2025 06:00
Sông Ba Hạ,12/11 07:00,104.78,105,101,670,700,300,400,0,4,12/11/2025 07:00
Sông Ba Hạ,12/11 08:00,104.78,105,101,690,700,300,400,0,4,12/11/2025 08:00
Sông Ba Hạ,12/11 09:00,104.78,105,101,700,700,300,400,0,4,12/11/2025 09:00
Sông Ba Hạ,12/11 10:00,104.78,105,101,640,500,300,200,0,4,12/11/2025 10:00
Sông Ba Hạ,12/11 11:00,104.79,105,101,620,500,300,200,0,4,12/11/2025 11:00
Sông Ba Hạ,12/11 12:00,104.8,105,101,610,486,300,186,0,4,12/11/2025 12:00
Sông Ba Hạ,12/11 13:00,104.8,105,101,630,640,300,340,0,4,12/11/2025 13:00
Sông Ba Hạ,12/11 14:00,104.8,105,101,640,700,300,400,0,4,12/11/2025 14:00
Sông Ba Hạ,12/11 15:00,104.8,105,101,680,700,300,400,0,4,12/11/2025 15:00
Sông Ba Hạ,12/11 16:00,104.8,105,101,690,700,300,400,0,4,12/11/2025 16:00
Sông Ba Hạ,12/11 17:00,104.8,105,101,700,700,300,400,0,4,12/11/2025 17:00
Sông Ba Hạ,12/11 18:00,104.8,105,101,690,700,300,400,0,4,12/11/2025 18:00
Sông Ba Hạ,12/11 19:00,104.8,105,101,680,700,300,400,0,4,12/11/2025 19:00
Sông Ba Hạ,12/11 20:00,104.8,105,101,670,700,300,400,0,4,12/11/2025 20:00
Sông Ba Hạ,12/11 21:00,104.8,105,101,690,700,300,400,0,4,12/11/2025 21:00
Sông Ba Hạ,12/11 22:00,104.8,105,101,700,700,300,400,0,4,12/11/2025 22:00
Sông Ba Hạ,12/11 23:00,104.8,105,101,690,700,300,400,0,4,12/11/2025 23:00
Sông Ba Hạ,13/11 00:00,104.8,105,101,680,700,300,400,0,4,13/11/2025 00:00
Sông Ba Hạ,13/11 01:00,104.8,105,101,700,700,300,400,0,4,13/11/2025 01:00
Sông Ba Hạ,13/11 02:00,104.8,105,101,690,700,300,400,0,4,13/11/2025 02:00
Sông Ba Hạ,13/11 03:00,104.8,105,101,680,700,300,400,0,4,13/11/2025 03:00
Sông Ba Hạ,13/11 04:00,104.8,105,101,670,700,300,400,0,4,13/11/2025 04:00
Sông Ba Hạ,13/11 05:00,104.8,105,101,690,700,300,400,0,4,13/11/2025 05:00
Sông Ba Hạ,13/11 06:00,104.8,105,101,700,700,300,400,0,4,13/11/2025 06:00
Sông Ba Hạ,13/11 07:00,104.79,105,101,660,700,300,400,0,4,13/11/2025 07:00
Sông Ba Hạ,13/11 08:00,104.79,105,101,680,700,300,400,0,4,13/11/2025 08:00
Sông Ba Hạ,13/11 09:00,104.79,105,101,690,627,300,327,0,4,13/11/2025 09:00
Sông Ba Hạ,13/11 10:00,104.79,105,101,660,540,300,240,0,4,13/11/2025 10:00
Sông Ba Hạ,13/11 11:00,104.8,105,101,640,575,300,275,0,4,13/11/2025 11:00
Sông Ba Hạ,13/11 12:00,104.8,105,101,630,540,300,240,0,4,13/11/2025 12:00
Sông Ba Hạ,13/11 13:00,104.81,105,101,620,600,300,300,0,4,13/11/2025 13:00
Sông Ba Hạ,13/11 14:00,104.81,105,101,650,700,300,400,0,4,13/11/2025 14:00
Sông Ba Hạ,13/11 15:00,104.8,105,101,640,670,300,370,0,4,13/11/2025 15:00
Sông Ba Hạ,13/11 16:00,104.8,105,101,650,700,300,400,0,4,13/11/2025 16:00
Sông Ba Hạ,13/11 17:00,104.8,105,101,680,700,300,400,0,4,13/11/2025 17:00
Sông Ba Hạ,13/11 18:00,104.8,105,101,690,700,300,400,0,4,13/11/2025 18:00
Sông Ba Hạ,13/11 19:00,104.79,105,101,680,700,300,400,0,4,13/11/2025 19:00
Sông Ba Hạ,13/11 20:00,104.79,105,101,670,700,300,400,0,4,13/11/2025 20:00
Sông Ba Hạ,13/11 21:00,104.79,105,101,640,700,300,400,0,4,13/11/2025 21:00
Sông Ba Hạ,13/11 22:00,104.78,105,101,600,700,300,400,0,4,13/11/2025 22:00
Sông Ba Hạ,13/11 22:00,104.78,105,101,600,700,300,400,0,4,13/11/2025 23:00
Sông Ba Hạ,14/11 00:00,104.77,105,101,610,700,300,400,0,4,14/11/2025 00:00
Sông Ba Hạ,14/11 01:00,104.76,105,101,620,700,300,400,0,4,14/11/2025 01:00
Sông Ba Hạ,14/11 02:00,104.76,105,101,610,700,300,400,0,4,14/11/2025 02:00
Sông Ba Hạ,14/11 03:00,104.75,105,101,600,700,300,400,0,4,14/11/2025 03:00
Sông Ba Hạ,14/11 04:00,104.75,105,101,590,700,300,400,0,4,14/11/2025 04:00
Sông Ba Hạ,14/11 05:00,104.74,105,101,580,700,300,400,0,4,14/11/2025 05:00
Sông Ba Hạ,14/11 06:00,104.73,105,101,570,700,300,400,0,4,14/11/2025 06:00
Sông Ba Hạ,14/11 07:00,104.71,105,101,490,700,300,400,0,4,14/11/2025 07:00
Sông Ba Hạ,14/11 08:00,104.69,105,101,440,700,300,400,0,4,14/11/2025 08:00
Sông Ba Hạ,14/11 09:00,104.67,105,101,440,570,200,370,0,2,14/11/2025 09:00
Sông Ba Hạ,14/11 10:00,104.66,105,101,460,498,200,298,0,2,14/11/2025 10:00
Sông Ba Hạ,14/11 11:00,104.64,105,101,410,448,200,248,0,2,14/11/2025 11:00
Sông Ba Hạ,14/11 12:00,104.62,105,101,400,440,200,240,0,2,14/11/2025 12:00
Sông Ba Hạ,14/11 13:00,104.6,105,101,370,440,200,240,0,2,14/11/2025 13:00
Sông Ba Hạ,14/11 14:00,104.58,105,101,380,520,200,320,0,2,14/11/2025 14:00
Sông Ba Hạ,14/11 15:00,104.56,105,101,360,600,200,400,0,2,14/11/2025 15:00
Sông Ba Hạ,14/11 16:00,104.54,105,101,370,600,200,400,0,2,14/11/2025 16:00
Sông Ba Hạ,14/11 17:00,104.52,105,101,380,700,300,400,0,3,14/11/2025 17:00
Sông Ba Hạ,14/11 18:00,104.49,105,101,370,700,300,400,0,3,14/11/2025 18:00
Sông Ba Hạ,14/11 19:00,104.46,105,101,360,700,300,400,0,3,14/11/2025 19:00
Sông Ba Hạ,14/11 20:00,104.43,105,101,380,700,300,400,0,3,14/11/2025 20:00
Sông Ba Hạ,14/11 21:00,104.4,105,101,370,700,300,400,0,3,14/11/2025 21:00
Sông Ba Hạ,14/11 22:00,104.37,105,101,390,700,300,400,0,3,14/11/2025 22:00
Sông Ba Hạ,14/11 23:00,104.34,105,101,380,700,300,400,0,3,14/11/2025 23:00
Sông Ba Hạ,15/11 00:00,104.31,105,101,370,700,300,400,0,3,15/11/2025 00:00
Sông Ba Hạ,15/11 01:00,104.28,105,101,380,700,300,400,0,3,15/11/2025 01:00
Sông Ba Hạ,15/11 02:00,104.25,105,101,360,700,300,400,0,3,15/11/2025 02:00
Sông Ba Hạ,15/11 03:00,104.22,105,101,370,700,300,400,0,3,15/11/2025 03:00
Sông Ba Hạ,15/11 04:00,104.19,105,101,380,700,300,400,0,3,15/11/2025 04:00
Sông Ba Hạ,15/11 05:00,104.16,105,101,370,700,300,400,0,3,15/11/2025 05:00
Sông Ba Hạ,15/11 06:00,104.13,105,101,360,700,300,400,0,3,15/11/2025 06:00
Sông Ba Hạ,15/11 07:00,104.1,105,101,380,700,300,400,0,3,15/11/2025 07:00
Sông Ba Hạ,15/11 08:00,104.06,105,101,360,1000,600,400,0,7,15/11/2025 08:00
Sông Ba Hạ,15/11 09:00,104.01,105,101,370,900,600,300,0,7,15/11/2025 09:00
Sông Ba Hạ,15/11 10:00,103.96,105,101,360,872,600,272,0,7,15/11/2025 10:00
Sông Ba Hạ,15/11 11:00,103.91,105,101,370,865,600,265,0,7,15/11/2025 11:00
Sông Ba Hạ,15/11 12:00,103.85,105,101,380,840,600,240,0,7,15/11/2025 12:00
Sông Ba Hạ,15/11 13:00,103.81,105,101,360,905,600,305,0,7,15/11/2025 13:00
Sông Ba Hạ,15/11 14:00,103.77,105,101,350,956,600,356,0,7,15/11/2025 14:00
Sông Ba Hạ,15/11 15:00,103.72,105,101,340,1000,600,400,0,7,15/11/2025 15:00
Sông Ba Hạ,15/11 16:00,103.67,105,101,350,1000,600,400,0,7,15/11/2025 16:00
Sông Ba Hạ,15/11 17:00,103.63,105,101,450,1000,600,400,0,7,15/11/2025 17:00
Sông Ba Hạ,15/11 18:00,103.58,105,101,420,1000,600,400,0,7,15/11/2025 18:00
Sông Ba Hạ,15/11 19:00,103.53,105,101,380,1000,600,400,0,7,15/11/2025 19:00
Sông Ba Hạ,15/11 20:00,103.48,105,101,360,1000,600,400,0,7,15/11/2025 20:00
Sông Ba Hạ,15/11 21:00,103.43,105,101,350,1000,600,400,0,7,15/11/2025 21:00
Sông Ba Hạ,15/11 22:00,103.38,105,101,350,1000,600,400,0,7,15/11/2025 22:00
Sông Ba Hạ,15/11 23:00,103.34,105,101,420,1000,600,400,0,7,15/11/2025 23:00
Sông Ba Hạ,16/11 00:00,103.3,105,101,450,1000,600,400,0,7,16/11/2025 00:00
Sông Ba Hạ,16/11 01:00,103.27,105,101,520,1000,600,400,0,7,16/11/2025 01:00
Sông Ba Hạ,16/11 02:00,103.24,105,101,550,1000,600,400,0,7,16/11/2025 02:00
Sông Ba Hạ,16/11 03:00,103.21,105,101,560,1000,600,400,0,7,16/11/2025 03:00
Sông Ba Hạ,16/11 04:00,103.17,105,101,550,1000,600,400,0,7,16/11/2025 04:00
Sông Ba Hạ,16/11 05:00,103.14,105,101,560,1000,600,400,0,7,16/11/2025 05:00
Sông Ba Hạ,16/11 06:00,103.11,105,101,550,1000,600,400,0,7,16/11/2025 06:00
Sông Ba Hạ,16/11 07:00,103.07,105,101,500,1000,600,400,0,7,16/11/2025 07:00
Sông Ba Hạ,16/11 08:00,103.03,105,101,520,700,300,400,0,4,16/11/2025 08:00
Sông Ba Hạ,16/11 09:00,103.02,105,101,510,700,300,400,0,4,16/11/2025 09:00
Sông Ba Hạ,16/11 10:00,103,105,101,560,600,200,400,0,3,16/11/2025 10:00
Sông Ba Hạ,16/11 11:00,103,105,101,570,600,200,400,0,3,16/11/2025 11:00
Sông Ba Hạ,16/11 12:00,103,105,101,530,488,200,288,0,3,16/11/2025 12:00
Sông Ba Hạ,16/11 13:00,103,105,101,490,488,200,288,0,3,16/11/2025 13:00
Sông Ba Hạ,16/11 14:00,103,105,101,540,600,200,400,0,3,16/11/2025 14:00
Sông Ba Hạ,16/11 15:00,103,105,101,560,600,200,400,0,3,16/11/2025 15:00
Sông Ba Hạ,16/11 16:00,103,105,101,1000,1000,600,400,0,7,16/11/2025 16:00
Sông Ba Hạ,16/11 17:00,103,105,101,1050,1000,600,400,0,7,16/11/2025 17:00
Sông Ba Hạ,16/11 18:00,103,105,101,1550,1500,1100,400,0,12,16/11/2025 18:00
Sông Ba Hạ,16/11 19:00,103,105,101,1510,1500,1100,400,0,12,16/11/2025 19:00
Sông Ba Hạ,16/11 20:00,103,105,101,1520,1500,1100,400,0,12,16/11/2025 20:00
Sông Ba Hạ,16/11 21:00,103,105,101,1530,1500,1100,400,0,12,16/11/2025 21:00
Sông Ba Hạ,16/11 22:00,103,105,101,1900,1900,1500,400,0,12,16/11/2025 22:00
Sông Ba Hạ,16/11 23:00,103,105,101,2400,2400,2000,400,0,12,16/11/2025 23:00
Sông Ba Hạ,17/11 00:00,103,105,101,2890,2881,2500,381,1,12,17/11/2025 00:00
Sông Ba Hạ,17/11 01:00,103,105,101,2900,2870,2500,370,0,12,17/11/2025 01:00
Sông Ba Hạ,17/11 02:00,103,105,101,2910,2858,2500,358,0,12,17/11/2025 02:00
Sông Ba Hạ,17/11 03:00,103,105,101,3100,2881,2500,381,0,12,17/11/2025 03:00
Sông Ba Hạ,17/11 04:00,103,105,101,3890,3881,3500,381,0,12,17/11/2025 04:00
Sông Ba Hạ,17/11 05:00,103,105,101,4380,4381,4000,381,0,12,17/11/2025 05:00
Sông Ba Hạ,17/11 06:00,103,105,101,3850,3863,3500,363,0,12,17/11/2025 06:00
Sông Ba Hạ,17/11 07:00,103,105,101,3350,3363,3000,363,0,12,17/11/2025 07:00
Sông Ba Hạ,17/11 08:00,103,105,101,3360,3363,3000,363,0,12,17/11/2025 08:00
Sông Ba Hạ,17/11 09:00,103,105,101,3380,3363,3000,363,0,12,17/11/2025 09:00
Sông Ba Hạ,17/11 10:00,103,105,101,4000,3863,3500,363,0,12,17/11/2025 10:00
Sông Ba Hạ,17/11 11:00,103,105,101,3960,3863,3500,363,0,12,17/11/2025 11:00
Sông Ba Hạ,17/11 12:00,103,105,101,4300,4280,4000,280,0,12,17/11/2025 12:00
Sông Ba Hạ,17/11 13:00,103,105,101,4370,4363,4000,363,0,12,17/11/2025 13:00
Sông Ba Hạ,17/11 14:00,103,105,101,4360,4363,4000,363,0,12,17/11/2025 14:00
Sông Ba Hạ,17/11 15:00,103,105,101,3880,3863,3500,363,0,12,17/11/2025 15:00
Sông Ba Hạ,17/11 16:00,103,105,101,3400,3363,3000,363,0,12,17/11/2025 16:00
Sông Ba Hạ,17/11 17:00,103,105,101,3380,3363,3000,363,0,12,17/11/2025 17:00
Sông Ba Hạ,17/11 18:00,103,105,101,3370,3363,3000,363,0,12,17/11/2025 18:00
Sông Ba Hạ,17/11 19:00,103,105,101,2880,2863,2500,363,0,12,17/11/2025 19:00
Sông Ba Hạ,17/11 20:00,103,105,101,2800,2684,2500,184,0,12,17/11/2025 20:00
Sông Ba Hạ,17/11 21:00,103,105,101,2700,2684,2500,184,0,12,17/11/2025 21:00
Sông Ba Hạ,17/11 22:00,103,105,101,2690,2684,2500,184,0,12,17/11/2025 22:00
Sông Ba Hạ,17/11 23:00,103,105,101,2750,2863,2500,363,0,12,17/11/2025 23:00
Sông Ba Hạ,18/11 00:00,103,105,101,2870,2863,2500,363,0,12,18/11/2025 00:00
Sông Ba Hạ,18/11 01:00,103,105,101,2880,2863,2500,363,0,12,18/11/2025 01:00
Sông Ba Hạ,18/11 02:00,103,105,101,2870,2863,2500,363,0,12,18/11/2025 02:00
Sông Ba Hạ,18/11 03:00,103,105,101,2880,2846,2500,346,0,12,18/11/2025 03:00
Sông Ba Hạ,18/11 04:00,103,105,101,2870,2863,2500,363,0,12,18/11/2025 04:00
Sông Ba Hạ,18/11 05:00,103,105,101,2870,2863,2500,363,0,12,18/11/2025 05:00
Sông Ba Hạ,18/11 06:00,103,105,101,2860,2863,2500,363,0,12,18/11/2025 06:00
Sông Ba Hạ,18/11 07:00,103,105,101,2850,2863,2500,363,0,12,18/11/2025 07:00
Sông Ba Hạ,18/11 08:00,103,105,101,2860,2863,2500,363,0,12,18/11/2025 08:00
Sông Ba Hạ,18/11 09:00,103,105,101,2870,2863,2500,363,0,12,18/11/2025 09:00
Sông Ba Hạ,18/11 10:00,103,105,101,2850,2842,2500,342,0,12,18/11/2025 10:00
Sông Ba Hạ,18/11 11:00,103,105,101,2830,2807,2500,307,0,12,18/11/2025 11:00
Sông Ba Hạ,18/11 12:00,103,105,101,2920,2940,2700,240,0,12,18/11/2025 12:00
Sông Ba Hạ,18/11 13:00,103,105,101,3980,4008,3700,308,0,12,18/11/2025 13:00
Sông Ba Hạ,18/11 14:00,103,105,101,4050,4063,3700,363,0,12,18/11/2025 14:00
Sông Ba Hạ,18/11 15:00,103,105,101,4540,4563,4200,363,0,12,18/11/2025 15:00
Sông Ba Hạ,18/11 16:00,103,105,101,5080,5063,4700,363,0,12,18/11/2025 16:00
Sông Ba Hạ,18/11 17:00,103,105,101,5570,5563,5200,363,0,12,18/11/2025 17:00
Sông Ba Hạ,18/11 18:00,103,105,101,5560,5563,5200,363,0,12,18/11/2025 18:00
Sông Ba Hạ,18/11 19:00,103,105,101,6080,6063,5700,363,0,12,18/11/2025 19:00
Sông Ba Hạ,18/11 20:00,103,105,101,7000,5763,5400,363,0,12,18/11/2025 20:00
Sông Ba Hạ,18/11 21:00,103.31,105,101,7190,5763,5400,363,0,12,18/11/2025 21:00
Sông Ba Hạ,18/11 22:00,103.48,105,101,7500,5763,5400,363,0,12,18/11/2025 22:00
Sông Ba Hạ,18/11 23:00,103.67,105,101,8100,5763,5400,363,0,12,18/11/2025 23:00
Sông Ba Hạ,19/11 00:00,103.85,105,101,8050,5763,5400,363,0,12,19/11/2025 00:00
Sông Ba Hạ,19/11 01:00,104.02,105,101,7900,5763,5400,363,0,12,19/11/2025 01:00
Sông Ba Hạ,19/11 02:00,104.19,105,101,7900,5720,5400,320,0,12,19/11/2025 02:00
Sông Ba Hạ,19/11 03:00,104.37,105,101,8040,5709,5400,309,0,12,19/11/2025 03:00
Sông Ba Hạ,19/11 04:00,104.58,105,101,8200,6216,5900,316,0,12,19/11/2025 04:00
Sông Ba Hạ,19/11 05:00,104.76,105,101,8900,7205,6900,305,0,12,19/11/2025 05:00
Sông Ba Hạ,19/11 06:00,104.84,105,101,9000,8263,7900,363,0,12,19/11/2025 06:00
Sông Ba Hạ,19/11 07:00,104.94,105,101,9420,8733,8400,333,0,12,19/11/2025 07:00
Sông Ba Hạ,19/11 08:00,104.99,105,101,9900,9763,9400,363,0,12,19/11/2025 08:00
Sông Ba Hạ,19/11 09:00,104.99,105,101,10200,10200,9900,300,0,12,19/11/2025 09:00
Sông Ba Hạ,19/11 10:00,104.99,105,101,11120,11100,10800,300,0,12,19/11/2025 10:00
Sông Ba Hạ,19/11 11:00,104.99,105,101,12400,12370,12070,300,0,12,19/11/2025 11:00
Sông Ba Hạ,19/11 12:00,104.99,105,101,13000,12962,12690,272,0,12,19/11/2025 12:00
Sông Ba Hạ,19/11 13:00,104.99,105,101,13600,13600,13300,300,0,12,19/11/2025 13:00
Sông Ba Hạ,19/11 14:00,105,105,101,14500,14440,14140,300,0,12,19/11/2025 14:00
Sông Ba Hạ,19/11 15:00,105,105,101,14900,14860,14560,300,0,12,19/11/2025 15:00
Sông Ba Hạ,19/11 16:00,105,105,101,15590,15490,15190,300,0,12,19/11/2025 16:00
Sông Ba Hạ,19/11 17:00,105,105,101,16100,16100,16100,0,0,12,19/11/2025 17:00
Sông Ba Hạ,19/11 18:00,105,105,101,16160,16100,16100,0,0,12,19/11/2025 18:00
Sông Ba Hạ,19/11 19:00,105,105,101,16110,16100,16100,0,0,12,19/11/2025 19:00
Sông Ba Hạ,19/11 20:00,105.05,105,101,16120,15600,15600,0,0,12,19/11/2025 20:00
Sông Ba Hạ,19/11 21:00,105.1,105,101,16120,15100,15100,0,0,12,19/11/2025 21:00
Sông Ba Hạ,19/11 22:00,105.18,105,101,16080,15100,15100,0,0,12,19/11/2025 22:00
Sông Ba Hạ,19/11 23:00,105.26,105,101,16050,15100,15100,0,0,12,19/11/2025 23:00
Sông Ba Hạ,20/11 00:00,105.32,105,101,15780,14900,14900,0,0,12,20/11/2025 00:00
Sông Ba Hạ,20/11 01:00,105.38,105,101,15560,14400,14400,0,0,12,20/11/2025 01:00
Sông Ba Hạ,20/11 02:00,105.42,105,101,14950,13800,13800,0,0,12,20/11/2025 02:00
Sông Ba Hạ,20/11 03:00,105.45,105,101,14930,13800,13800,0,0,12,20/11/2025 03:00
Sông Ba Hạ,20/11 04:00,105.51,105,101,14700,13600,13600,0,0,12,20/11/2025 04:00
Sông Ba Hạ,20/11 05:00,105.54,105,101,14290,13100,13100,0,0,12,20/11/2025 05:00
Sông Ba Hạ,20/11 06:00,105.57,105,101,13840,12700,12700,0,0,12,20/11/2025 06:00
Sông Ba Hạ,20/11 07:00,105.59,105,101,11900,10800,10800,0,0,12,20/11/2025 07:00
Sông Ba Hạ,20/11 08:00,105.62,105,101,11600,10250,10100,150,0,12,20/11/2025 08:00
Sông Ba Hạ,20/11 09:00,105.66,105,101,11300,10250,10100,150,0,12,20/11/2025 09:00
Sông Ba Hạ,20/11 10:00,105.69,105,101,11070,10250,10100,150,0,12,20/11/2025 10:00
Sông Ba Hạ,20/11 11:00,105.73,105,101,10100,9338,9200,138,0,12,20/11/2025 11:00
Sông Ba Hạ,20/11 12:00,105.77,105,101,9620,8800,8800,0,0,12,20/11/2025 12:00
Sông Ba Hạ,20/11 13:00,105.81,105,101,9570,8800,8800,0,0,12,20/11/2025 13:00
Sông Ba Hạ,20/11 14:00,105.85,105,101,9450,8815,8680,135,0,12,20/11/2025 14:00
Sông Ba Hạ,20/11 15:00,105.89,105,101,8600,8250,8100,150,0,12,20/11/2025 15:00
Sông Ba Hạ,20/11 16:00,105.92,105,101,7650,7500,7350,150,0,12,20/11/2025 16:00
Sông Ba Hạ,20/11 17:00,105.96,105,101,7450,7350,7200,150,0,12,20/11/2025 17:00
Sông Ba Hạ,20/11 18:00,105.96,105,101,6760,6750,6600,150,0,12,20/11/2025 18:00
Sông Ba Hạ,20/11 19:00,105.96,105,101,6740,6750,6600,150,0,12,20/11/2025 19:00
Sông Ba Hạ,20/11 19:00,105.96,105,101,6740,6750,6600,150,0,12,20/11/2025 20:00
Sông Ba Hạ,20/11 19:00,105.96,105,101,6740,6750,6600,150,0,12,20/11/2025 21:00
Sông Ba Hạ,20/11 19:00,105.96,105,101,6740,6750,6600,150,0,12,20/11/2025 22:00
Sông Ba Hạ,20/11 19:00,105.96,105,101,6740,6750,6600,150,0,12,20/11/2025 23:00
Sông Ba Hạ,21/11 00:00,105.96,105,101,4430,4420,4300,120,0,12,21/11/2025 00:00
Sông Ba Hạ,21/11 01:00,105.96,105,101,4010,4020,3900,120,0,12,21/11/2025 01:00
Sông Ba Hạ,21/11 02:00,105.96,105,101,4020,4020,3900,120,0,12,21/11/2025 02:00
Sông Ba Hạ,21/11 03:00,105.96,105,101,4030,4020,3900,120,0,12,21/11/2025 03:00
Sông Ba Hạ,21/11 04:00,105.96,105,101,4020,4020,3900,120,0,12,21/11/2025 04:00
Sông Ba Hạ,21/11 05:00,105.96,105,101,4030,4020,3900,120,0,12,21/11/2025 05:00
Sông Ba Hạ,21/11 06:00,105.96,105,101,3580,3564,3400,164,0,12,21/11/2025 06:00
Sông Ba Hạ,21/11 07:00,105.96,105,101,3050,3083,2900,183,0,12,21/11/2025 07:00
Sông Ba Hạ,21/11 08:00,105.96,105,101,2580,2600,2400,200,0,12,21/11/2025 08:00
Sông Ba Hạ,21/11 09:00,105.96,105,101,2090,2100,1900,200,0,12,21/11/2025 09:00
Sông Ba Hạ,21/11 10:00,105.96,105,101,2070,2065,1900,165,0,12,21/11/2025 10:00
Sông Ba Hạ,21/11 11:00,105.96,105,101,1590,1520,1400,120,0,12,21/11/2025 11:00
Sông Ba Hạ,21/11 12:00,105.96,105,101,1520,1520,1400,120,0,12,21/11/2025 12:00
Sông Ba Hạ,21/11 13:00,105.96,105,101,1900,1943,1800,143,0,12,21/11/2025 13:00
Sông Ba Hạ,21/11 14:00,105.96,105,101,2280,2280,2100,180,0,12,21/11/2025 14:00
Sông Ba Hạ,21/11 15:00,105.96,105,101,2320,2300,2100,200,0,12,21/11/2025 15:00
Sông Ba Hạ,21/11 16:00,105.96,105,101,2300,2300,2100,200,0,12,21/11/2025 16:00
Sông Ba Hạ,21/11 17:00,105.96,105,101,2320,2300,2100,200,0,12,21/11/2025 17:00
Sông Ba Hạ,21/11 18:00,105.96,105,101,2300,2300,2100,200,0,12,21/11/2025 18:00
Sông Ba Hạ,21/11 19:00,105.96,105,101,2310,2300,2100,200,0,12,21/11/2025 19:00
Sông Ba Hạ,21/11 20:00,105.96,105,101,2320,2300,2100,200,0,12,21/11/2025 20:00
Sông Ba Hạ,21/11 21:00,105.96,105,101,2300,2300,2100,200,0,12,21/11/2025 21:00
Sông Ba Hạ,21/11 22:00,105.96,105,101,2300,2300,2100,200,0,12,21/11/2025 22:00
Sông Ba Hạ,21/11 23:00,105.96,105,101,2320,2268,2100,168,0,12,21/11/2025 23:00
Sông Ba Hạ,22/11 00:00,105.96,105,101,2270,2250,2100,150,0,12,22/11/2025 00:00
Sông Ba Hạ,22/11 01:00,105.96,105,101,2260,2250,2100,150,0,12,22/11/2025 01:00
Sông Ba Hạ,22/11 02:00,105.96,105,101,2270,2248,2100,148,0,12,22/11/2025 02:00
Sông Ba Hạ,22/11 03:00,105.96,105,101,2270,2250,2100,150,0,12,22/11/2025 03:00
Sông Ba Hạ,22/11 04:00,105.96,105,101,2260,2250,2100,150,0,12,22/11/2025 04:00
Sông Ba Hạ,22/11 05:00,105.96,105,101,1800,1750,1600,150,0,12,22/11/2025 05:00
Sông Ba Hạ,22/11 06:00,105.96,105,101,1820,1800,1600,200,0,12,22/11/2025 06:00
Sông Ba Hạ,22/11 07:00,105.96,105,101,1650,1600,1400,200,0,12,22/11/2025 07:00
Sông Ba Hạ,22/11 08:00,105.96,105,101,1640,1600,1400,200,0,12,22/11/2025 08:00
Sông Ba Hạ,22/11 09:00,105.96,105,101,1620,1600,1400,200,0,12,22/11/2025 09:00
Sông Ba Hạ,22/11 10:00,105.94,105,101,1500,2000,1800,200,0,12,22/11/2025 10:00
Sông Ba Hạ,22/11 11:00,105.89,105,101,1350,1983,1800,183,0,12,22/11/2025 11:00
Sông Ba Hạ,22/11 12:00,105.84,105,101,1330,1905,1600,305,0,12,22/11/2025 12:00
Sông Ba Hạ,22/11 13:00,105.79,105,101,1350,1989,1600,389,0,12,22/11/2025 13:00
Sông Ba Hạ,22/11 14:00,105.74,105,101,1360,2000,1600,400,0,12,22/11/2025 14:00
Sông Ba Hạ,22/11 15:00,105.7,105,101,1500,2000,1600,400,0,12,22/11/2025 15:00
Sông Ba Hạ,22/11 16:00,105.65,105,101,1550,2200,1800,400,0,12,22/11/2025 16:00
Sông Ba Hạ,22/11 17:00,105.6,105,101,1560,2200,1800,400,0,12,22/11/2025 17:00
Sông Ba Hạ,22/11 18:00,105.55,105,101,1540,2300,1900,400,0,12,22/11/2025 18:00
Sông Ba Hạ,22/11 19:00,105.49,105,101,1530,2300,1900,400,0,12,22/11/2025 19:00
Sông Ba Hạ,22/11 20:00,105.45,105,101,1550,2100,1700,400,0,12,22/11/2025 20:00
Sông Ba Hạ,22/11 21:00,105.41,105,101,1560,2100,1700,400,0,12,22/11/2025 21:00
Sông Ba Hạ,22/11 22:00,105.38,105,101,1580,1900,1500,400,0,12,22/11/2025 22:00
Sông Ba Hạ,22/11 23:00,105.36,105,101,1590,1900,1500,400,0,12,22/11/2025 23:00
Sông Ba Hạ,23/11 00:00,105.34,105,101,1580,1900,1500,400,0,12,23/11/2025 00:00
Sông Ba Hạ,23/11 01:00,105.32,105,101,1590,1870,1500,370,0,12,23/11/2025 01:00
Sông Ba Hạ,23/11 02:00,105.3,105,101,1600,1850,1500,350,0,12,23/11/2025 02:00
Sông Ba Hạ,23/11 03:00,105.28,105,101,1600,1846,1500,346,0,12,23/11/2025 03:00
Sông Ba Hạ,23/11 04:00,105.26,105,101,1560,1848,1500,348,0,12,23/11/2025 04:00
Sông Ba Hạ,23/11 05:00,105.24,105,101,1550,1852,1500,352,0,12,23/11/2025 05:00
Sông Ba Hạ,23/11 06:00,105.22,105,101,1540,1826,1500,326,0,12,23/11/2025 06:00
Sông Ba Hạ,23/11 07:00,105.2,105,101,1530,1827,1500,327,0,12,23/11/2025 07:00
Sông Ba Hạ,23/11 08:00,105.17,105,101,1450,1840,1500,340,0,12,23/11/2025 08:00
Sông Ba Hạ,23/11 09:00,105.14,105,101,1440,1832,1500,332,0,12,23/11/2025 09:00
Sông Ba Hạ,23/11 10:00,105.1,105,101,1300,1800,1500,300,0,12,23/11/2025 10:00
Sông Ba Hạ,23/11 11:00,105.04,105,101,1240,1385,1100,285,0,12,23/11/2025 11:00
Sông Ba Hạ,23/11 12:00,105.02,105,101,1220,1347,1100,247,0,12,23/11/2025 12:00
Sông Ba Hạ,23/11 13:00,105,105,101,1260,1276,1000,276,0,12,23/11/2025 13:00
Sông Ba Hạ,23/11 14:00,105,105,101,1300,1327,1000,327,0,12,23/11/2025 14:00
Sông Ba Hạ,23/11 15:00,105,105,101,1310,1367,1000,367,0,12,23/11/2025 15:00
Sông Ba Hạ,23/11 16:00,105,105,101,1340,1400,1000,400,0,12,23/11/2025 16:00
Sông Ba Hạ,23/11 17:00,105,105,101,1350,1400,1000,400,0,12,23/11/2025 17:00
Sông Ba Hạ,23/11 18:00,105,105,101,1360,1400,1000,400,0,12,23/11/2025 18:00
Sông Ba Hạ,23/11 19:00,104.99,105,101,1350,1400,1000,400,0,12,23/11/2025 19:00
Sông Ba Hạ,23/11 20:00,104.99,105,101,1300,1200,1000,200,0,12,23/11/2025 20:00
Sông Ba Hạ,23/11 21:00,105,105,101,1280,1200,1000,200,0,12,23/11/2025 21:00
Sông Ba Hạ,23/11 22:00,105,105,101,1290,1193,1000,193,0,12,23/11/2025 22:00
Sông Ba Hạ,23/11 23:00,105,105,101,1320,1358,1000,358,0,12,23/11/2025 23:00
Sông Ba Hạ,24/11 00:00,105,105,101,1330,1320,1000,320,0,12,24/11/2025 00:00
Sông Ba Hạ,24/11 01:00,105,105,101,1250,1240,1000,240,0,12,24/11/2025 01:00
Sông Ba Hạ,24/11 02:00,105,105,101,1260,1240,1000,240,0,12,24/11/2025 02:00
Sông Ba Hạ,24/11 03:00,105,105,101,1270,1240,1000,240,0,12,24/11/2025 03:00
Sông Ba Hạ,24/11 04:00,105,105,101,1260,1240,1000,240,0,12,24/11/2025 04:00
Sông Ba Hạ,24/11 05:00,105,105,101,1250,1240,1000,240,0,12,24/11/2025 05:00
Sông Ba Hạ,24/11 06:00,105,105,101,1280,1316,1000,316,0,12,24/11/2025 06:00
Sông Ba Hạ,24/11 07:00,105,105,101,1300,1340,1000,340,0,12,24/11/2025 07:00
Sông Ba Hạ,24/11 08:00,105,105,101,1350,1400,1000,400,0,12,24/11/2025 08:00
Sông Ba Hạ,24/11 09:00,105,105,101,1340,1335,1000,335,0,12,24/11/2025 09:00
Sông Ba Hạ,24/11 10:00,105,105,101,1280,1240,1000,240,0,12,24/11/2025 10:00
Sông Ba Hạ,24/11 11:00,105,105,101,1350,1340,1100,240,0,12,24/11/2025 11:00
Sông Ba Hạ,24/11 12:00,105,105,101,1360,1340,1100,240,0,12,24/11/2025 12:00
Sông Ba Hạ,24/11 13:00,105,105,101,1370,1340,1100,240,0,12,24/11/2025 13:00
Sông Ba Hạ,24/11 14:00,105,105,101,1390,1442,1100,342,0,12,24/11/2025 14:00
Sông Ba Hạ,24/11 15:00,105,105,101,1440,1462,1100,362,0,12,24/11/2025 15:00
Sông Ba Hạ,24/11 16:00,105,105,101,1470,1500,1100,400,0,12,24/11/2025 16:00
Sông Ba Hạ,24/11 17:00,105,105,101,1480,1500,1100,400,0,12,24/11/2025 17:00
Sông Ba Hạ,24/11 18:00,105,105,101,1460,1500,1100,400,0,12,24/11/2025 18:00
Sông Ba Hạ,24/11 19:00,105,105,101,1460,1700,1300,400,0,12,24/11/2025 19:00
Sông Ba Hạ,24/11 20:00,104.96,105,101,1450,2000,1600,400,0,12,24/11/2025 20:00
Sông Ba Hạ,24/11 21:00,104.92,105,101,1480,2000,1600,400,0,12,24/11/2025 21:00
Sông Ba Hạ,24/11 22:00,104.88,105,101,1476,2000,1600,400,0,12,24/11/2025 22:00
Sông Ba Hạ,24/11 23:00,104.84,105,101,1460,2000,1600,400,0,12,24/11/2025 23:00
Sông Ba Hạ,25/11 00:00,104.8,105,101,1480,2000,1600,400,0,12,25/11/2025 00:00
Sông Ba Hạ,25/11 01:00,104.76,105,101,1490,2000,1600,400,0,12,25/11/2025 01:00
Sông Ba Hạ,25/11 02:00,104.72,105,101,1470,2000,1600,400,0,12,25/11/2025 02:00
Sông Ba Hạ,25/11 03:00,104.68,105,101,1480,2000,1600,400,0,12,25/11/2025 03:00
Sông Ba Hạ,25/11 04:00,104.64,105,101,1470,2000,1600,400,0,12,25/11/2025 04:00
Sông Ba Hạ,25/11 05:00,104.6,105,101,1490,2000,1600,400,0,12,25/11/2025 05:00
Sông Ba Hạ,25/11 06:00,104.56,105,101,1480,2000,1600,400,0,12,25/11/2025 06:00
Sông Ba Hạ,25/11 07:00,104.52,105,101,1470,2000,1600,400,0,12,25/11/2025 07:00
Sông Ba Hạ,25/11 08:00,104.48,105,101,1460,2000,1600,400,0,12,25/11/2025 08:00
Sông Ba Hạ,25/11 09:00,104.44,105,101,1470,2000,1600,400,0,12,25/11/2025 09:00
Sông Ba Hạ,25/11 10:00,104.4,105,101,1420,1938,1600,338,0,12,25/11/2025 10:00
Sông Ba Hạ,25/11 11:00,104.36,105,101,1410,1934,1600,334,0,12,25/11/2025 11:00
Sông Ba Hạ,25/11 12:00,104.32,105,101,1400,1876,1600,276,0,12,25/11/2025 12:00
Sông Ba Hạ,25/11 13:00,104.28,105,101,1420,1934,1600,334,0,12,25/11/2025 13:00
Sông Ba Hạ,25/11 14:00,104.24,105,101,1430,1963,1600,363,0,12,25/11/2025 14:00
Sông Ba Hạ,25/11 15:00,104.2,105,101,1440,2000,1600,400,0,12,25/11/2025 15:00
Sông Ba Hạ,25/11 16:00,104.16,105,101,1450,2000,1600,400,0,12,25/11/2025 16:00
Sông Ba Hạ,25/11 17:00,104.12,105,101,1470,2000,1600,400,0,12,25/11/2025 17:00
Sông Ba Hạ,25/11 18:00,104.08,105,101,1460,2000,1600,400,0,12,25/11/2025 18:00
Sông Ba Hạ,25/11 19:00,104.04,105,101,1450,2000,1600,400,0,12,25/11/2025 19:00
Sông Ba Hạ,25/11 20:00,104,105,101,1460,2000,1600,400,0,12,25/11/2025 20:00
Sông Ba Hạ,25/11 21:00,103.96,105,101,1470,2000,1600,400,0,12,25/11/2025 21:00
Sông Ba Hạ,25/11 22:00,103.92,105,101,1480,2000,1600,400,0,12,25/11/2025 22:00
Sông Ba Hạ,25/11 23:00,103.88,105,101,1450,2000,1600,400,0,12,25/11/2025 23:00
Sông Ba Hạ,26/11 00:00,103.84,105,101,1460,2000,1600,400,0,12,26/11/2025 00:00
Sông Ba Hạ,26/11 01:00,103.8,105,101,1480,2000,1600,400,0,12,26/11/2025 01:00
Sông Ba Hạ,26/11 02:00,103.76,105,101,1470,2000,1600,400,0,12,26/11/2025 02:00
Sông Ba Hạ,26/11 03:00,103.72,105,101,1460,2000,1600,400,0,12,26/11/2025 03:00
Sông Ba Hạ,26/11 04:00,103.68,105,101,1450,2000,1600,400,0,12,26/11/2025 04:00
Sông Ba Hạ,26/11 05:00,103.64,105,101,1470,2000,1600,400,0,12,26/11/2025 05:00
Sông Ba Hạ,26/11 06:00,103.59,105,101,1360,2000,1600,400,0,12,26/11/2025 06:00
Sông Ba Hạ,26/11 07:00,103.53,105,101,1240,2000,1600,400,0,12,26/11/2025 07:00
Sông Ba Hạ,26/11 08:00,103.47,105,101,1260,2000,1600,400,0,12,26/11/2025 08:00
Sông Ba Hạ,26/11 09:00,103.41,105,101,1220,1952,1600,352,0,12,26/11/2025 09:00
Sông Ba Hạ,26/11 10:00,103.36,105,101,1250,1898,1600,298,0,12,26/11/2025 10:00
Sông Ba Hạ,26/11 11:00,103.31,105,101,1260,1916,1600,316,0,12,26/11/2025 11:00
Sông Ba Hạ,26/11 12:00,103.27,105,101,1240,1888,1600,288,0,12,26/11/2025 12:00
Sông Ba Hạ,26/11 13:00,103.23,105,101,1250,1920,1600,320,0,12,26/11/2025 13:00
Sông Ba Hạ,26/11 14:00,103.19,105,101,1270,1967,1600,367,0,12,26/11/2025 14:00
Sông Ba Hạ,26/11 15:00,103.14,105,101,1260,2000,1600,400,0,12,26/11/2025 15:00
Sông Ba Hạ,26/11 16:00,103.08,105,101,1240,2000,1600,400,0,12,26/11/2025 16:00
Sông Ba Hạ,26/11 17:00,103,105,101,1050,2000,1600,400,0,12,26/11/2025 17:00
Sông Ba Hạ,26/11 18:00,102.92,105,101,1020,2000,1600,400,0,12,26/11/2025 18:00
Sông Ba Hạ,26/11 19:00,102.84,105,101,940,1600,1200,400,0,12,26/11/2025 19:00
Sông Ba Hạ,26/11 20:00,102.79,105,101,950,1580,1200,380,0,12,26/11/2025 20:00
Sông Ba Hạ,26/11 21:00,102.74,105,101,970,1580,1200,380,0,12,26/11/2025 21:00
Sông Ba Hạ,26/11 22:00,102.69,105,101,960,1580,1200,380,0,12,26/11/2025 22:00
Sông Ba Hạ,26/11 23:00,102.61,105,101,880,1580,1200,380,0,12,26/11/2025 23:00
Sông Ba Hạ,27/11 00:00,102.53,105,101,830,1380,1000,380,0,12,27/11/2025 00:00
Sông Ba Hạ,27/11 01:00,102.48,105,101,820,1380,1000,380,0,12,27/11/2025 01:00
Sông Ba Hạ,27/11 02:00,102.43,105,101,830,1380,1000,380,0,12,27/11/2025 02:00
Sông Ba Hạ,27/11 03:00,102.38,105,101,810,1380,1000,380,0,12,27/11/2025 03:00
Sông Ba Hạ,27/11 04:00,102.33,105,101,820,1380,1000,380,0,12,27/11/2025 04:00
Sông Ba Hạ,27/11 05:00,102.28,105,101,810,1180,800,380,0,10,27/11/2025 05:00
Sông Ba Hạ,27/11 06:00,102.25,105,101,840,1180,800,380,0,10,27/11/2025 06:00
Sông Ba Hạ,27/11 07:00,102.24,105,101,980,1180,800,380,0,10,27/11/2025 07:00
Sông Ba Hạ,27/11 08:00,102.23,105,101,1020,1180,800,380,0,10,27/11/2025 08:00
Sông Ba Hạ,27/11 09:00,102.22,105,101,1040,1150,800,350,0,10,27/11/2025 09:00
Sông Ba Hạ,27/11 10:00,102.21,105,101,1030,1109,800,309,0,10,27/11/2025 10:00
Sông Ba Hạ,27/11 11:00,102.2,105,101,1020,1097,800,297,0,10,27/11/2025 11:00
Sông Ba Hạ,27/11 12:00,102.19,105,101,1010,1056,800,256,0,10,27/11/2025 12:00
Sông Ba Hạ,27/11 13:00,102.18,105,101,1020,1097,800,297,0,10,27/11/2025 13:00
Sông Ba Hạ,27/11 14:00,102.17,105,101,1030,1168,800,368,0,10,27/11/2025 14:00
Sông Ba Hạ,27/11 15:00,102.16,105,101,1050,1180,800,380,0,10,27/11/2025 15:00
Sông Ba Hạ,27/11 16:00,102.15,105,101,1060,1180,800,380,0,10,27/11/2025 16:00
Sông Ba Hạ,27/11 17:00,102.14,105,101,1070,1180,800,380,0,10,27/11/2025 17:00
Sông Ba Hạ,27/11 18:00,102.13,105,101,1060,1180,800,380,0,10,27/11/2025 18:00
Sông Ba Hạ,27/11 19:00,102.12,105,101,1050,1180,800,380,0,10,27/11/2025 19:00
Sông Ba Hạ,27/11 20:00,102.11,105,101,1060,1180,800,380,0,10,27/11/2025 20:00
Sông Ba Hạ,27/11 21:00,102.1,105,101,1070,1180,800,380,0,10,27/11/2025 21:00
Sông Ba Hạ,27/11 22:00,102.09,105,101,1060,1180,800,380,0,10,27/11/2025 22:00
Sông Ba Hạ,27/11 23:00,102.08,105,101,1050,1180,800,380,0,10,27/11/2025 23:00
Sông Ba Hạ,28/11 00:00,102.07,105,101,1060,1180,800,380,0,10,28/11/2025 00:00
Sông Ba Hạ,28/11 01:00,102.06,105,101,1070,1180,800,380,0,10,28/11/2025 01:00
Sông Ba Hạ,28/11 02:00,102.05,105,101,1070,1180,800,380,0,10,28/11/2025 02:00
Sông Ba Hạ,28/11 03:00,102.04,105,101,1080,1180,800,380,0,10,28/11/2025 03:00
Sông Ba Hạ,28/11 04:00,102.03,105,101,1070,1180,800,380,0,10,28/11/2025 04:00
Sông Ba Hạ,28/11 05:00,102.02,105,101,1050,1180,800,380,0,10,28/11/2025 05:00
Sông Ba Hạ,28/11 06:00,102,105,101,950,980,600,380,0,8,28/11/2025 06:00
Sông Ba Hạ,28/11 07:00,102,105,101,820,780,400,380,0,5,28/11/2025 07:00
Sông Ba Hạ,28/11 08:00,102,105,101,720,680,300,380,0,4,28/11/2025 08:00
Sông Ba Hạ,28/11 09:00,102,105,101,700,670,300,370,0,4,28/11/2025 09:00
Sông Ba Hạ,28/11 10:00,102,105,101,650,625,300,325,0,4,28/11/2025 10:00
Sông Ba Hạ,28/11 11:00,102,105,101,620,593,300,293,0,4,28/11/2025 11:00
Sông Ba Hạ,28/11 12:00,102,105,101,600,540,300,240,0,4,28/11/2025 12:00
Sông Ba Hạ,28/11 13:00,102,105,101,610,583,300,283,0,4,28/11/2025 13:00
Sông Ba Hạ,28/11 14:00,102,105,101,630,660,300,360,0,4,28/11/2025 14:00
Sông Ba Hạ,28/11 15:00,102,105,101,660,692,312,380,0,4,28/11/2025 15:00
Sông Ba Hạ,28/11 16:00,102,105,101,680,692,312,380,0,4,28/11/2025 16:00
Sông Ba Hạ,28/11 17:00,102,105,101,690,692,312,380,0,4,28/11/2025 17:00
Sông Ba Hạ,28/11 18:00,102,105,101,680,692,312,380,0,4,28/11/2025 18:00
Sông Ba Hạ,28/11 19:00,102,105,101,690,692,312,380,0,4,28/11/2025 19:00
Sông Ba Hạ,28/11 20:00,102,105,101,680,692,312,380,0,4,28/11/2025 20:00
Sông Ba Hạ,28/11 21:00,102,105,101,720,692,312,380,0,4,28/11/2025 21:00
Sông Ba Hạ,28/11 22:00,102,105,101,710,692,312,380,0,4,28/11/2025 22:00
Sông Ba Hạ,28/11 23:00,102,105,101,700,692,312,380,0,4,28/11/2025 23:00
Sông Ba Hạ,29/11 00:00,102,105,101,690,692,312,380,0,4,29/11/2025 00:00
Sông Ba Hạ,29/11 01:00,102,105,101,700,712,312,400,0,4,29/11/2025 01:00
Sông Ba Hạ,29/11 02:00,102,105,101,710,692,312,380,0,4,29/11/2025 02:00
Sông Ba Hạ,29/11 03:00,102,105,101,710,692,312,380,0,4,29/11/2025 03:00
Sông Ba Hạ,29/11 04:00,102,105,101,720,692,312,380,0,4,29/11/2025 04:00
Sông Ba Hạ,29/11 05:00,102,105,101,700,692,312,380,0,4,29/11/2025 05:00
Sông Ba Hạ,29/11 06:00,102,105,101,690,692,312,380,0,4,29/11/2025 06:00
Sông Ba Hạ,29/11 07:00,102,105,101,680,692,312,380,0,4,29/11/2025 07:00
Sông Ba Hạ,29/11 08:00,102,105,101,630,614,234,380,0,3,29/11/2025 08:00
Sông Ba Hạ,29/11 09:00,102,105,101,620,614,234,380,0,3,29/11/2025 09:00
Sông Ba Hạ,29/11 10:00,102,105,101,580,536,234,302,0,3,29/11/2025 10:00
Sông Ba Hạ,29/11 11:00,102,105,101,570,548,234,314,0,3,29/11/2025 11:00
Sông Ba Hạ,29/11 12:00,102,105,101,530,474,234,240,0,3,29/11/2025 12:00
Sông Ba Hạ,29/11 13:00,102,105,101,550,576,234,342,0,3,29/11/2025 13:00
Sông Ba Hạ,29/11 14:00,102,105,101,600,616,234,382,0,3,29/11/2025 14:00
Sông Ba Hạ,29/11 15:00,102,105,101,610,616,234,382,0,3,29/11/2025 15:00
Sông Ba Hạ,29/11 16:00,102,105,101,620,616,234,382,0,3,29/11/2025 16:00
Sông Ba Hạ,29/11 17:00,102,105,101,610,616,234,382,0,3,29/11/2025 17:00
Sông Ba Hạ,29/11 18:00,102,105,101,620,616,234,382,0,3,29/11/2025 18:00
Sông Ba Hạ,29/11 19:00,102,105,101,610,616,234,382,0,3,29/11/2025 19:00
Sông Ba Hạ,29/11 20:00,102,105,101,620,616,234,382,0,3,29/11/2025 20:00
Sông Ba Hạ,29/11 21:00,102,105,101,620,616,234,382,0,3,29/11/2025 21:00
Sông Ba Hạ,29/11 22:00,102,105,101,610,616,234,382,0,3,29/11/2025 22:00
Sông Ba Hạ,29/11 23:00,102,105,101,610,616,234,382,0,3,29/11/2025 23:00
Sông Ba Hạ,30/11 00:00,102,105,101,620,616,234,382,0,3,30/11/2025 00:00
Sông Ba Hạ,30/11 01:00,102,105,101,620,616,234,382,0,3,30/11/2025 01:00
Sông Ba Hạ,30/11 02:00,102,105,101,630,616,234,382,0,3,30/11/2025 02:00
Sông Ba Hạ,30/11 03:00,102,105,101,620,616,234,382,0,3,30/11/2025 03:00
Sông Ba Hạ,30/11 04:00,102,105,101,630,616,234,382,0,3,30/11/2025 04:00
Sông Ba Hạ,30/11 05:00,102,105,101,620,616,234,382,0,3,30/11/2025 05:00
Sông Ba Hạ,30/11 06:00,101.99,105,101,520,538,156,382,0,2,30/11/2025 06:00
Sông Ba Hạ,30/11 07:00,101.99,105,101,500,538,156,382,0,2,30/11/2025 07:00
Sông Ba Hạ,30/11 08:00,101.99,105,101,510,538,156,382,0,2,30/11/2025 08:00
Sông Ba Hạ,30/11 09:00,101.99,105,101,490,465,156,309,0,2,30/11/2025 09:00
Sông Ba Hạ,30/11 10:00,101.99,105,101,450,439,156,283,0,2,30/11/2025 10:00
Sông Ba Hạ,30/11 11:00,101.99,105,101,440,443,156,287,0,2,30/11/2025 11:00
Sông Ba Hạ,30/11 12:00,102,105,101,430,396,156,240,0,2,30/11/2025 12:00
Sông Ba Hạ,30/11 13:00,102,105,101,440,432,156,276,0,2,30/11/2025 13:00
Sông Ba Hạ,30/11 14:00,102,105,101,480,519,156,363,0,2,30/11/2025 14:00
Sông Ba Hạ,30/11 15:00,102,105,101,500,519,156,363,0,2,30/11/2025 15:00
Sông Ba Hạ,30/11 16:00,102,105,101,520,538,156,382,0,2,30/11/2025 16:00
Sông Ba Hạ,30/11 17:00,102,105,101,530,538,156,382,0,2,30/11/2025 17:00
Sông Ba Hạ,30/11 18:00,102,105,101,540,556,156,400,0,2,30/11/2025 18:00
Sông Ba Hạ,30/11 19:00,102,105,101,540,538,156,382,0,2,30/11/2025 19:00
Sông Ba Hạ,30/11 20:00,102,105,101,540,538,156,382,0,2,30/11/2025 20:00
Sông Ba Hạ,30/11 21:00,102,105,101,550,538,156,382,0,2,30/11/2025 21:00
Sông Ba Hạ,30/11 22:00,102,105,101,540,538,156,382,0,2,30/11/2025 22:00
Sông Ba Hạ,30/11 23:00,102,105,101,530,538,156,382,0,2,30/11/2025 23:00
